name,a,e,i,node,peri,M
1566 Icarus,1.078037837567316,.8270056908369543,22.8032205675089,87.95241724594092,31.43821652068713,153.0789301425594
1998 TU3,.7875484323220899,.4836694929440215,5.415250040031074,101.8786744779986,84.99253804349257,74.76747570797549
1999 KW4,.6423918377735466,.6883962390368719,38.87966698107033,244.8962903930841,192.6525180652275,342.6037205103957
1999 MN,.6740395661070558,.6653474171628178,2.031729317901686,81.38640019637577,9.20350518728303,107.5085706707544
2000 BD19,.8764331761233181,.8949821633314297,25.75193165986939,333.6665859766881,324.3742746708032,333.2004096665213
2000 EE14,.6618339785588621,.5330546437942617,26.45836327766992,155.745372249785,197.8537822132859,88.53159448092498
2001 YE4,.6768702886600786,.5404289966067984,4.853064468912513,305.3186201623462,318.9943477080082,193.1568072582606
2004 KH17,.7121553942206993,.4981291786134629,22.13237706435764,79.11023603611254,340.7285147535612,112.097893825095
2006 CJ,.6766053681505134,.7548549213157353,10.22339845429601,303.2052949654813,29.68954322211248,16.91349145838286
